{"address": "0x6810e776880C02933D47DB1b9fc05908e5386b96", "logoUri": "https://gnosis-safe-token-logos.s3.amazonaws.com/0x6810e776880C02933D47DB1b9fc05908e5386b96.png", "default": false, "name": "Gnosis", "symbol": "GNO", "description": "Crowd Sourced Wisdom - The next generation blockchain network. Speculate on anything with an easy-to-use prediction market", "decimals": 18, "websiteUri": "https://gnosis.pm", "gas": false, "priceOracles": []}
{"address": "0x1A5F9352Af8aF974bFC03399e3767DF6370d82e4", "logoUri": "https://gnosis-safe-token-logos.s3.amazonaws.com/0x1A5F9352Af8aF974bFC03399e3767DF6370d82e4.png", "default": true, "name": "OWL Token", "symbol": "OWL", "description": "", "decimals": 18, "websiteUri": "", "gas": true, "priceOracles": [2, 1]}
{"address": "0xC02aaA39b223FE8D0A0e5C4F27eAD9083C756Cc2", "logoUri": "https://gnosis-safe-token-logos.s3.amazonaws.com/0xC02aaA39b223FE8D0A0e5C4F27eAD9083C756Cc2.png", "default": true, "name": "Wrapped Ether", "symbol": "WETH", "description": "", "decimals": 18, "websiteUri": "", "gas": true, "priceOracles": []}
{"address": "0x89d24A6b4CcB1B6fAA2625fE562bDD9a23260359", "logoUri": "https://gnosis-safe-token-logos.s3.amazonaws.com/0x89d24A6b4CcB1B6fAA2625fE562bDD9a23260359.png", "default": true, "name": "Dai Stablecoin v1.0", "symbol": "DAI", "description": "Dai is an asset-backed, hard currency for the 21st century. The first decentralized stablecoin on the Ethereum blockchain. 1 DAI = 1 $", "decimals": 18, "websiteUri": "https://makerdao.com", "gas": true, "priceOracles": [2, 1]}
{"address": "0x056Fd409E1d7A124BD7017459dFEa2F387b6d5Cd", "logoUri": "https://gnosis-safe-token-logos.s3.amazonaws.com/0x056Fd409E1d7A124BD7017459dFEa2F387b6d5Cd.png", "default": false, "name": "Gemini dollar", "symbol": "GUSD", "description": "Gemini dollar combines the creditworthiness and price stability of the U.S. dollar with blockchain technology and the oversight of U.S. regulators.", "decimals": 2, "websiteUri": "https://gemini.com/dollar/", "gas": false, "priceOracles": []}
{"address": "0xcB97e65F07DA24D46BcDD078EBebd7C6E6E3d750", "logoUri": "https://gnosis-safe-token-logos.s3.amazonaws.com/0xcB97e65F07DA24D46BcDD078EBebd7C6E6E3d750.png", "default": false, "name": "Bytom", "symbol": "BTM", "description": "Transfer assets from atomic world to byteworld", "decimals": 8, "websiteUri": "https://bytom.io", "gas": false, "priceOracles": []}
{"address": "0xA15C7Ebe1f07CaF6bFF097D8a589fb8AC49Ae5B3", "logoUri": "https://gnosis-safe-token-logos.s3.amazonaws.com/0xA15C7Ebe1f07CaF6bFF097D8a589fb8AC49Ae5B3.png", "default": false, "name": "Pundi X Token", "symbol": "NPXS", "description": "", "decimals": 18, "websiteUri": "https://pundix.com", "gas": false, "priceOracles": []}
{"address": "0x9ab165D795019b6d8B3e971DdA91071421305e5a", "logoUri": "https://gnosis-safe-token-logos.s3.amazonaws.com/0x9ab165D795019b6d8B3e971DdA91071421305e5a.png", "default": false, "name": "Aurora", "symbol": "AOA", "description": "Aurora Chain offers intelligent application isolation and enables multi-chain parallel expansion to create an extremely high TPS with security maintain.", "decimals": 18, "websiteUri": "https://www.aurorachain.io/", "gas": false, "priceOracles": []}
{"address": "0xd4fa1460F537bb9085d22C7bcCB5DD450Ef28e3a", "logoUri": "https://gnosis-safe-token-logos.s3.amazonaws.com/0xd4fa1460F537bb9085d22C7bcCB5DD450Ef28e3a.png", "default": false, "name": "Populous", "symbol": "PPT", "description": "Aims to rebuild invoice financing block by block, for invoice buyers and sellers.", "decimals": 8, "websiteUri": "https://populous.co", "gas": false, "priceOracles": []}
{"address": "0x1985365e9f78359a9B6AD760e32412f4a445E862", "logoUri": "https://gnosis-safe-token-logos.s3.amazonaws.com/0x1985365e9f78359a9B6AD760e32412f4a445E862.png", "default": false, "name": "Augur", "symbol": "REP", "description": "Augur combines the magic of prediction markets with the power of a decentralized network to create a stunningly accurate forecasting tool", "decimals": 18, "websiteUri": "https://augur.net", "gas": false, "priceOracles": []}
{"address": "0x6c6EE5e31d828De241282B9606C8e98Ea48526E2", "logoUri": "https://gnosis-safe-token-logos.s3.amazonaws.com/0x6c6EE5e31d828De241282B9606C8e98Ea48526E2.png", "default": false, "name": "HoloToken", "symbol": "HOT", "description": "Holo is a decentralized hosting platform and a new breed of asset-backed, mutual-credit cryptocurrency based on Holochain. Holochain is a massively scalable, agent-centric post-blockchain development framework for distributed applications.", "decimals": 18, "websiteUri": "https://holo.host/", "gas": false, "priceOracles": []}
{"address": "0xB63B606Ac810a52cCa15e44bB630fd42D8d1d83d", "logoUri": "https://gnosis-safe-token-logos.s3.amazonaws.com/0xB63B606Ac810a52cCa15e44bB630fd42D8d1d83d.png", "default": false, "name": "MCO", "symbol": "MCO", "description": "Crypto.com, the pioneering payments and cryptocurrency platform, seeks to accelerate the world\u2019s transition to cryptocurrency.", "decimals": 8, "websiteUri": "https://mona.co", "gas": false, "priceOracles": []}
{"address": "0xa74476443119A942dE498590Fe1f2454d7D4aC0d", "logoUri": "https://gnosis-safe-token-logos.s3.amazonaws.com/0xa74476443119A942dE498590Fe1f2454d7D4aC0d.png", "default": false, "name": "Golem", "symbol": "GNT", "description": "Golem is going to create the first decentralized global market for computing power", "decimals": 18, "websiteUri": "https://golem.network", "gas": false, "priceOracles": []}
{"address": "0xFA1a856Cfa3409CFa145Fa4e20Eb270dF3EB21ab", "logoUri": "https://gnosis-safe-token-logos.s3.amazonaws.com/0xFA1a856Cfa3409CFa145Fa4e20Eb270dF3EB21ab.png", "default": false, "name": "IOSToken", "symbol": "IOST", "description": "A Secure & Scalable Blockchain for Smart Services", "decimals": 18, "websiteUri": "https://iost.io/", "gas": false, "priceOracles": []}
{"address": "0x744d70FDBE2Ba4CF95131626614a1763DF805B9E", "logoUri": "https://gnosis-safe-token-logos.s3.amazonaws.com/0x744d70FDBE2Ba4CF95131626614a1763DF805B9E.png", "default": false, "name": "Status Network Token", "symbol": "SNT", "description": "Status is an open source messaging platform and mobile browser to interact with decentralized applications that run on the Ethereum Network.", "decimals": 18, "websiteUri": "https://status.im", "gas": false, "priceOracles": []}
{"address": "0x6f259637dcD74C767781E37Bc6133cd6A68aa161", "logoUri": "https://gnosis-safe-token-logos.s3.amazonaws.com/0x6f259637dcD74C767781E37Bc6133cd6A68aa161.png", "default": false, "name": "HuobiToken", "symbol": "HT", "description": "Huobi Global is a world-leading cryptocurrency financial services group.", "decimals": 18, "websiteUri": "https://www.huobipro.com/", "gas": false, "priceOracles": []}
{"address": "0x0F5D2fB29fb7d3CFeE444a200298f468908cC942", "logoUri": "https://gnosis-safe-token-logos.s3.amazonaws.com/0x0F5D2fB29fb7d3CFeE444a200298f468908cC942.png", "default": false, "name": "Decentraland MANA", "symbol": "MANA", "description": "Decentraland is a virtual reality platform powered by the Ethereum blockchain. Users can create, experience, and monetize content and applications", "decimals": 18, "websiteUri": "https://decentraland.org", "gas": false, "priceOracles": []}
{"address": "0x618E75Ac90b12c6049Ba3b27f5d5F8651b0037F6", "logoUri": "https://gnosis-safe-token-logos.s3.amazonaws.com/0x618E75Ac90b12c6049Ba3b27f5d5F8651b0037F6.png", "default": false, "name": "QASH", "symbol": "QASH", "description": "We envision QASH to be the preferred payment token for financial services,\nlike the Bitcoin for financial services.\nAs more financial institutions, fintech startups and partners adopt QASH\nas a method of payment, the utility of QASH will scale, fueling\nthe Fintech revolution.", "decimals": 6, "websiteUri": "https://liquid.plus", "gas": false, "priceOracles": []}
{"address": "0xB97048628DB6B661D4C2aA833e95Dbe1A905B280", "logoUri": "https://gnosis-safe-token-logos.s3.amazonaws.com/0xB97048628DB6B661D4C2aA833e95Dbe1A905B280.png", "default": false, "name": "TenX", "symbol": "PAY", "description": "TenX connects your blockchain assets for everyday use. TenX\u2019s debit card and banking licence will allow us to be a hub for the blockchain ecosystem to connect for real-world use cases.", "decimals": 18, "websiteUri": "http://www.tenx.tech", "gas": false, "priceOracles": []}
{"address": "0x17Aa18A4B64A55aBEd7FA543F2Ba4E91f2dcE482", "logoUri": "https://gnosis-safe-token-logos.s3.amazonaws.com/0x17Aa18A4B64A55aBEd7FA543F2Ba4E91f2dcE482.png", "default": false, "name": "Insight Chain", "symbol": "INB", "description": "Insight Chain is an EOS-based data ecosystem on the blockchain, works on building Wall Street-like financial order in the blockchain domain.", "decimals": 18, "websiteUri": "http://www.insightchain.io/", "gas": false, "priceOracles": []}
{"address": "0xb7cB1C96dB6B22b0D3d9536E0108d062BD488F74", "logoUri": "https://gnosis-safe-token-logos.s3.amazonaws.com/0xb7cB1C96dB6B22b0D3d9536E0108d062BD488F74.png", "default": false, "name": "Walton", "symbol": "WTC", "description": "Value Internet of Things (VIoT) constructs a perfect commercial ecosystem via the integration of the real world and the blockchain.", "decimals": 18, "websiteUri": "http://www.waltonchain.org/", "gas": false, "priceOracles": []}
{"address": "0x4CEdA7906a5Ed2179785Cd3A40A69ee8bc99C466", "logoUri": "https://gnosis-safe-token-logos.s3.amazonaws.com/0x4CEdA7906a5Ed2179785Cd3A40A69ee8bc99C466.png", "default": false, "name": "Aion", "symbol": "AION", "description": "A multi-tier blockchain system designed to address unsolved questions of scalability, privacy, and interoperability in blockchain networks", "decimals": 8, "websiteUri": "https://aion.network/", "gas": false, "priceOracles": []}
{"address": "0xB62132e35a6c13ee1EE0f84dC5d40bad8d815206", "logoUri": "https://gnosis-safe-token-logos.s3.amazonaws.com/0xB62132e35a6c13ee1EE0f84dC5d40bad8d815206.png", "default": false, "name": "NEXO", "symbol": "NEXO", "description": "Instant Crypto-backed Loans", "decimals": 18, "websiteUri": "https://nexo.io/", "gas": false, "priceOracles": []}
{"address": "0x08d32b0da63e2C3bcF8019c9c5d849d7a9d791e6", "logoUri": "https://gnosis-safe-token-logos.s3.amazonaws.com/0x08d32b0da63e2C3bcF8019c9c5d849d7a9d791e6.png", "default": false, "name": "Dentacoin", "symbol": "DCN", "description": "Aims to be the blockchain solution for the global dental industry.", "decimals": 0, "websiteUri": "https://dentacoin.com", "gas": false, "priceOracles": []}
{"address": "0x1844b21593262668B7248d0f57a220CaaBA46ab9", "logoUri": "https://gnosis-safe-token-logos.s3.amazonaws.com/0x1844b21593262668B7248d0f57a220CaaBA46ab9.png", "default": false, "name": "Oyster Pearl", "symbol": "PRL", "description": "Platform for website monetization and distributed storage, built on IOTA Tangle and Ethereum", "decimals": 18, "websiteUri": "https://oyster.ws", "gas": false, "priceOracles": []}
{"address": "0xA0b73E1Ff0B80914AB6fe0444E65848C4C34450b", "logoUri": "https://gnosis-safe-token-logos.s3.amazonaws.com/0xA0b73E1Ff0B80914AB6fe0444E65848C4C34450b.png", "default": false, "name": "CRO", "symbol": "CRO", "description": "Pay and be paid in crypto anywhere, with any crypto, for free.", "decimals": 8, "websiteUri": "https://www.crypto.com/en/chain", "gas": false, "priceOracles": []}
{"address": "0x40395044Ac3c0C57051906dA938B54BD6557F212", "logoUri": "https://gnosis-safe-token-logos.s3.amazonaws.com/0x40395044Ac3c0C57051906dA938B54BD6557F212.png", "default": false, "name": "MGO", "symbol": "MGO", "description": "A dedicated token to bring eSports to everyone.", "decimals": 8, "websiteUri": "https://gamecredits.com/mobilego", "gas": false, "priceOracles": []}
{"address": "0x9992eC3cF6A55b00978cdDF2b27BC6882d88D1eC", "logoUri": "https://gnosis-safe-token-logos.s3.amazonaws.com/0x9992eC3cF6A55b00978cdDF2b27BC6882d88D1eC.png", "default": false, "name": "Polymath Network", "symbol": "POLY", "description": "Polymath aims to enable securities to migrate to the blockchain.", "decimals": 18, "websiteUri": "https://polymath.network", "gas": false, "priceOracles": []}
{"address": "0x1C83501478f1320977047008496DACBD60Bb15ef", "logoUri": "https://gnosis-safe-token-logos.s3.amazonaws.com/0x1C83501478f1320977047008496DACBD60Bb15ef.png", "default": false, "name": "DigitexFutures", "symbol": "DGTX", "description": "The DGTX Token is a protocol token that has real world utility and value. Its value derives directly from its utility as a vehicle for the commission-free trading of liquid futures contracts on the price of Bitcoin, Ethereum and Litecoin against the US Dollar.", "decimals": 18, "websiteUri": "https://digitexfutures.com/", "gas": false, "priceOracles": []}
{"address": "0x9f8F72aA9304c8B593d555F12eF6589cC3A579A2", "logoUri": "https://gnosis-safe-token-logos.s3.amazonaws.com/0x9f8F72aA9304c8B593d555F12eF6589cC3A579A2.png", "default": false, "name": "MakerDAO", "symbol": "MKR", "description": "Maker is a Decentralized Autonomous Organization that creates and insures the dai stablecoin on the Ethereum blockchain", "decimals": 18, "websiteUri": "https://makerdao.com", "gas": false, "priceOracles": []}
{"address": "0x49bD2DA75b1F7AF1E4dFd6b1125FEcDe59dBec58", "logoUri": "https://gnosis-safe-token-logos.s3.amazonaws.com/0x49bD2DA75b1F7AF1E4dFd6b1125FEcDe59dBec58.png", "default": false, "name": "Linkey Token", "symbol": "LKY", "description": "A platform to connect digital assets to real community.", "decimals": 18, "websiteUri": "https://www.linkey.info/", "gas": false, "priceOracles": []}
{"address": "0xbf2179859fc6D5BEE9Bf9158632Dc51678a4100e", "logoUri": "https://gnosis-safe-token-logos.s3.amazonaws.com/0xbf2179859fc6D5BEE9Bf9158632Dc51678a4100e.png", "default": false, "name": "ELF Token", "symbol": "ELF", "description": "elf is a decentralized self-evolving cloud computing blockchain\nnetwork that aims to provide a high performance platform for commercial adoption of blockchain.", "decimals": 18, "websiteUri": "https://aelf.io/", "gas": false, "priceOracles": []}
{"address": "0x39Bb259F66E1C59d5ABEF88375979b4D20D98022", "logoUri": "https://gnosis-safe-token-logos.s3.amazonaws.com/0x39Bb259F66E1C59d5ABEF88375979b4D20D98022.png", "default": false, "name": "WAX", "symbol": "WAX", "description": "Global Decentralized Marketplace for Virtual Assets.", "decimals": 8, "websiteUri": "https://wax.io", "gas": false, "priceOracles": []}
{"address": "0x1F573D6Fb3F13d689FF844B4cE37794d79a7FF1C", "logoUri": "https://gnosis-safe-token-logos.s3.amazonaws.com/0x1F573D6Fb3F13d689FF844B4cE37794d79a7FF1C.png", "default": false, "name": "Bancor", "symbol": "BNT", "description": "Bancor Protocol is a standard for a new generation of cryptocurrencies called Smart Tokens", "decimals": 18, "websiteUri": "https://www.bancor.network/discover", "gas": false, "priceOracles": []}
{"address": "0xEA26c4aC16D4a5A106820BC8AEE85fd0b7b2b664", "logoUri": "https://gnosis-safe-token-logos.s3.amazonaws.com/0xEA26c4aC16D4a5A106820BC8AEE85fd0b7b2b664.png", "default": false, "name": "QuarkChain Token", "symbol": "QKC", "description": "A High-Capacity Peer-to-Peer Transactional System", "decimals": 18, "websiteUri": "https://quarkchain.io/", "gas": false, "priceOracles": []}
{"address": "0xdB25f211AB05b1c97D595516F45794528a807ad8", "logoUri": "https://gnosis-safe-token-logos.s3.amazonaws.com/0xdB25f211AB05b1c97D595516F45794528a807ad8.png", "default": false, "name": "STASIS EURS Token", "symbol": "EURS", "description": "EURS token is a virtual financial asset that is designed to digitally mirror the EURO on the condition that its value is tied to the value of its collateral.", "decimals": 2, "websiteUri": "https://stasis.net/", "gas": false, "priceOracles": []}
{"address": "0xEF68e7C694F40c8202821eDF525dE3782458639f", "logoUri": "https://gnosis-safe-token-logos.s3.amazonaws.com/0xEF68e7C694F40c8202821eDF525dE3782458639f.png", "default": false, "name": "LRC", "symbol": "LRC", "description": "Loopring is not only a protocol but also a decentralized automated execution system that trades across the crypto-token exchanges.", "decimals": 18, "websiteUri": "https://loopring.org", "gas": false, "priceOracles": []}
{"address": "0xD45247c07379d94904E0A87b4481F0a1DDfa0C64", "logoUri": "https://gnosis-safe-token-logos.s3.amazonaws.com/0xD45247c07379d94904E0A87b4481F0a1DDfa0C64.png", "default": false, "name": "Buggyra Coin Zero", "symbol": "BCZERO", "description": "BCZERO will act as the payment platform for racing series in China, India, Europe, South America and for Sponsorships and Fans.", "decimals": 18, "websiteUri": "https://buggyracoinzero.com/", "gas": false, "priceOracles": []}
{"address": "0xbf52F2ab39e26E0951d2a02b49B7702aBe30406a", "logoUri": "https://gnosis-safe-token-logos.s3.amazonaws.com/0xbf52F2ab39e26E0951d2a02b49B7702aBe30406a.png", "default": false, "name": "ODEM Token", "symbol": "ODE", "description": "Unlocking human potential. Powering your education and certifications on the blockchain", "decimals": 18, "websiteUri": "https://odem.io/", "gas": false, "priceOracles": []}
{"address": "0xE0B7927c4aF23765Cb51314A0E0521A9645F0E2A", "logoUri": "https://gnosis-safe-token-logos.s3.amazonaws.com/0xE0B7927c4aF23765Cb51314A0E0521A9645F0E2A.png", "default": false, "name": "Digix DAO", "symbol": "DGD", "description": "DigixDAO is a decentralized voting / utility token that allows users to submit and manage proposals that relate to the growth of the Digix ecosystem and platform.", "decimals": 9, "websiteUri": "https://www.dgx.io", "gas": false, "priceOracles": []}
{"address": "0x595832F8FC6BF59c85C527fEC3740A1b7a361269", "logoUri": "https://gnosis-safe-token-logos.s3.amazonaws.com/0x595832F8FC6BF59c85C527fEC3740A1b7a361269.png", "default": false, "name": "PowerLedger", "symbol": "POWR", "description": "Power Ledger is a peer-to-peer marketplace for renewable energy.", "decimals": 6, "websiteUri": "https://powerledger.io", "gas": false, "priceOracles": []}
{"address": "0x3883f5e181fccaF8410FA61e12b59BAd963fb645", "logoUri": "https://gnosis-safe-token-logos.s3.amazonaws.com/0x3883f5e181fccaF8410FA61e12b59BAd963fb645.png", "default": false, "name": "Theta Token", "symbol": "THETA", "description": "A decentralized peer-to-peer network that aims to offer improved video delivery at lower costs.", "decimals": 18, "websiteUri": "https://www.thetatoken.org/", "gas": false, "priceOracles": []}
{"address": "0x8f3470A7388c05eE4e7AF3d01D8C722b0FF52374", "logoUri": "https://gnosis-safe-token-logos.s3.amazonaws.com/0x8f3470A7388c05eE4e7AF3d01D8C722b0FF52374.png", "default": false, "name": "Veritas", "symbol": "VERI", "description": "Veritaseum builds blockchain-based, peer-to-peer capital markets as software on a global scale.", "decimals": 18, "websiteUri": "http://veritas.veritaseum.com/index.php", "gas": false, "priceOracles": []}
{"address": "0x5d65D971895Edc438f465c17DB6992698a52318D", "logoUri": "https://gnosis-safe-token-logos.s3.amazonaws.com/0x5d65D971895Edc438f465c17DB6992698a52318D.png", "default": false, "name": "Nebula", "symbol": "NAS", "description": "Decentralized Search Framework", "decimals": 18, "websiteUri": "https://nebulas.io/index.html", "gas": false, "priceOracles": []}
{"address": "0xA4e8C3Ec456107eA67d3075bF9e3DF3A75823DB0", "logoUri": "https://gnosis-safe-token-logos.s3.amazonaws.com/0xA4e8C3Ec456107eA67d3075bF9e3DF3A75823DB0.png", "default": false, "name": "LOOM", "symbol": "LOOM", "description": "Online game & social apps", "decimals": 18, "websiteUri": "https://loomx.io", "gas": false, "priceOracles": []}
{"address": "0x1122B6a0E00DCe0563082b6e2953f3A943855c1F", "logoUri": "https://gnosis-safe-token-logos.s3.amazonaws.com/0x1122B6a0E00DCe0563082b6e2953f3A943855c1F.png", "default": false, "name": "Centrality Token", "symbol": "CENNZ", "description": "Centrality is a graph theory term \u2013 a point in a decentralised system that unites to other points.", "decimals": 18, "websiteUri": "https://www.centrality.ai/", "gas": false, "priceOracles": []}
{"address": "0x92E78dAe1315067a8819EFD6dCA432de9DCdE2e9", "logoUri": "https://gnosis-safe-token-logos.s3.amazonaws.com/0x92E78dAe1315067a8819EFD6dCA432de9DCdE2e9.png", "default": false, "name": "Veros", "symbol": "VRS", "description": "", "decimals": 6, "websiteUri": "https://vedh.io", "gas": false, "priceOracles": []}
{"address": "0x4f878C0852722b0976A955d68B376E4Cd4Ae99E5", "logoUri": "https://gnosis-safe-token-logos.s3.amazonaws.com/0x4f878C0852722b0976A955d68B376E4Cd4Ae99E5.png", "default": false, "name": "WaykiCoin", "symbol": "WIC", "description": "WaykiChain aims to build the blockchain 3.0 commercial public chain, provide enterprise-level blockchain infrastructure and industry solutions, and create a new business model in the new era.", "decimals": 8, "websiteUri": "https://www.waykichain.com/", "gas": false, "priceOracles": []}
{"address": "0x55296f69f40Ea6d20E478533C15A6B08B654E758", "logoUri": "https://gnosis-safe-token-logos.s3.amazonaws.com/0x55296f69f40Ea6d20E478533C15A6B08B654E758.png", "default": false, "name": "XY Oracle", "symbol": "XYO", "description": "Blockchain's crypto-location oracle network", "decimals": 18, "websiteUri": "https://xyo.network/", "gas": false, "priceOracles": []}
{"address": "0xFf3519eeeEA3e76F1F699CCcE5E23ee0bdDa41aC", "logoUri": "https://gnosis-safe-token-logos.s3.amazonaws.com/0xFf3519eeeEA3e76F1F699CCcE5E23ee0bdDa41aC.png", "default": false, "name": "BCAP", "symbol": "BCAP", "description": "Blockchain Capital is a pioneer and the premier venture capital firm investing in Blockchain enabled technology", "decimals": 0, "websiteUri": "http://blockchain.capital/", "gas": false, "priceOracles": []}
{"address": "0x419D0d8BdD9aF5e606Ae2232ed285Aff190E711b", "logoUri": "https://gnosis-safe-token-logos.s3.amazonaws.com/0x419D0d8BdD9aF5e606Ae2232ed285Aff190E711b.png", "default": false, "name": "Funfair", "symbol": "FUN", "description": "FunFair is a decentralised gaming platform powered by Ethereum smart contracts", "decimals": 8, "websiteUri": "https://funfair.io", "gas": false, "priceOracles": []}
{"address": "0xc528c28FEC0A90C083328BC45f587eE215760A0F", "logoUri": "https://gnosis-safe-token-logos.s3.amazonaws.com/0xc528c28FEC0A90C083328BC45f587eE215760A0F.png", "default": false, "name": "Endor Protocol Token", "symbol": "EDR", "description": "Inventing the \u201cGoogle\u201d for predictive analytics", "decimals": 18, "websiteUri": "https://www.endor.com", "gas": false, "priceOracles": []}
{"address": "0x8eB24319393716668D768dCEC29356ae9CfFe285", "logoUri": "https://gnosis-safe-token-logos.s3.amazonaws.com/0x8eB24319393716668D768dCEC29356ae9CfFe285.png", "default": false, "name": "SingularityNET", "symbol": "AGI", "description": "Decentralized Marketplace for AI.", "decimals": 8, "websiteUri": "https://singularitynet.io", "gas": false, "priceOracles": []}
{"address": "0xCeD4E93198734dDaFf8492d525Bd258D49eb388E", "logoUri": "https://gnosis-safe-token-logos.s3.amazonaws.com/0xCeD4E93198734dDaFf8492d525Bd258D49eb388E.png", "default": false, "name": "Eidoo", "symbol": "EDO", "description": "Aims to be a Fast, easy, and not only a Multicurrency Wallet and Hybrid Exchange.", "decimals": 18, "websiteUri": "https://eidoo.io", "gas": false, "priceOracles": []}
{"address": "0xf85fEea2FdD81d51177F6b8F35F0e6734Ce45F5F", "logoUri": "https://gnosis-safe-token-logos.s3.amazonaws.com/0xf85fEea2FdD81d51177F6b8F35F0e6734Ce45F5F.png", "default": false, "name": "CyberMiles Token", "symbol": "CMT", "description": "Empowering the Decentralization of Online Marketplaces.", "decimals": 18, "websiteUri": "https://cm.5miles.com", "gas": false, "priceOracles": []}
{"address": "0x818Fc6C2Ec5986bc6E2CBf00939d90556aB12ce5", "logoUri": "https://gnosis-safe-token-logos.s3.amazonaws.com/0x818Fc6C2Ec5986bc6E2CBf00939d90556aB12ce5.png", "default": false, "name": "Kin Foundation", "symbol": "KIN", "description": "The vision for Kin is rooted in the belief that a broad group of participants can come together to create an open ecosystem of tools for digital communication and commerce that prioritizes consumer experience, bringing a fair and user-oriented model for digital services to the market.", "decimals": 18, "websiteUri": "https://kin.kik.com", "gas": false, "priceOracles": []}
{"address": "0xc6AbF3C09341741Ac6041B0B08195701bdFD460C", "logoUri": "https://gnosis-safe-token-logos.s3.amazonaws.com/0xc6AbF3C09341741Ac6041B0B08195701bdFD460C.png", "default": false, "name": "OSAToken", "symbol": "OSA", "description": "Real-life blockchain and AI application for retail, the world\u2019s biggest industry", "decimals": 18, "websiteUri": "https://osadc.io/en/", "gas": false, "priceOracles": []}
{"address": "0x4E0603e2A27A30480E5e3a4Fe548e29EF12F64bE", "logoUri": "https://gnosis-safe-token-logos.s3.amazonaws.com/0x4E0603e2A27A30480E5e3a4Fe548e29EF12F64bE.png", "default": false, "name": "Credo / Bitbounce", "symbol": "CREDO", "description": "Be compensated with the token Credo through the cryptocurrency spam solution BitBounce. Credos create a market for email that allows users to charge to receive emails from unknown senders.", "decimals": 18, "websiteUri": "https://bitbounce.io", "gas": false, "priceOracles": []}
{"address": "0x7C5A0CE9267ED19B22F8cae653F198e3E8daf098", "logoUri": "https://gnosis-safe-token-logos.s3.amazonaws.com/0x7C5A0CE9267ED19B22F8cae653F198e3E8daf098.png", "default": false, "name": "Santiment", "symbol": "SAN", "description": "A Better Way to Trade Crypto-Markets - Market Datafeeds, Newswires, and Crowd Sentiment Insights for the Blockchain World", "decimals": 18, "websiteUri": "https://santiment.net", "gas": false, "priceOracles": []}
{"address": "0xCc80C051057B774cD75067Dc48f8987C4Eb97A5e", "logoUri": "https://gnosis-safe-token-logos.s3.amazonaws.com/0xCc80C051057B774cD75067Dc48f8987C4Eb97A5e.png", "default": false, "name": "Ethfinex Nectar Token", "symbol": "NEC", "description": "Nectar token (NEC), used to incentivise liquidity and reward loyal customers of Ethfinex.", "decimals": 18, "websiteUri": "https://nectar.community", "gas": false, "priceOracles": []}
{"address": "0xdd974D5C2e2928deA5F71b9825b8b646686BD200", "logoUri": "https://gnosis-safe-token-logos.s3.amazonaws.com/0xdd974D5C2e2928deA5F71b9825b8b646686BD200.png", "default": false, "name": "Kyber Network", "symbol": "KNC", "description": "KyberNetwork is a new system which allows the exchange and conversion of digital assets.", "decimals": 18, "websiteUri": "https://kyber.network", "gas": false, "priceOracles": []}
{"address": "0xB91318F35Bdb262E9423Bc7c7c2A3A93DD93C92C", "logoUri": "https://gnosis-safe-token-logos.s3.amazonaws.com/0xB91318F35Bdb262E9423Bc7c7c2A3A93DD93C92C.png", "default": false, "name": "NULS", "symbol": "NULS", "description": "NULS is a global blockchain open-source project which is a highly customizable modular blockchain infrastructure consisting of a microkernel and functional modules.", "decimals": 18, "websiteUri": "https://nuls.io", "gas": false, "priceOracles": []}
{"address": "0xEE74110fB5A1007b06282e0DE5d73A61bf41d9Cd", "logoUri": "https://gnosis-safe-token-logos.s3.amazonaws.com/0xEE74110fB5A1007b06282e0DE5d73A61bf41d9Cd.png", "default": false, "name": "BHPCash", "symbol": "BHPC", "description": "Distributed bank based on bitcoin hash power credit, offers innovative service of receiving dividend from mining and multiple derivative financial services on the basis of mining hash power.", "decimals": 18, "websiteUri": "https://bhpcash.io/bhpc/index.html", "gas": false, "priceOracles": []}
{"address": "0xB64ef51C888972c908CFacf59B47C1AfBC0Ab8aC", "logoUri": "https://gnosis-safe-token-logos.s3.amazonaws.com/0xB64ef51C888972c908CFacf59B47C1AfBC0Ab8aC.png", "default": false, "name": "STORJ", "symbol": "STORJ", "description": "Blockchain-based, end-to-end encrypted, distributed object storage, where only you have access to your data", "decimals": 8, "websiteUri": "https://storj.io", "gas": false, "priceOracles": []}
{"address": "0x419c4dB4B9e25d6Db2AD9691ccb832C8D9fDA05E", "logoUri": "https://gnosis-safe-token-logos.s3.amazonaws.com/0x419c4dB4B9e25d6Db2AD9691ccb832C8D9fDA05E.png", "default": false, "name": "Dragon", "symbol": "DRGN", "description": "Dragonchain simplifies the integration of real business applications onto a blockchain.", "decimals": 18, "websiteUri": "https://dragonchain.com", "gas": false, "priceOracles": []}
{"address": "0x68d57c9a1C35f63E2c83eE8e49A64e9d70528D25", "logoUri": "https://gnosis-safe-token-logos.s3.amazonaws.com/0x68d57c9a1C35f63E2c83eE8e49A64e9d70528D25.png", "default": false, "name": "Sirin Labs", "symbol": "SRN", "description": "SIRIN LABS\u2019 aims to become the world\u2019s leader in secure open source consumer electronics, bridging the gap between the mass market and the blockchain econom", "decimals": 18, "websiteUri": "https://sirinlabs.com", "gas": false, "priceOracles": []}
{"address": "0x558EC3152e2eb2174905cd19AeA4e34A23DE9aD6", "logoUri": "https://gnosis-safe-token-logos.s3.amazonaws.com/0x558EC3152e2eb2174905cd19AeA4e34A23DE9aD6.png", "default": false, "name": "Bread", "symbol": "BRD", "description": "BRD is the simple and secure bitcoin wallet.", "decimals": 18, "websiteUri": "https://token.breadapp.com/en", "gas": false, "priceOracles": []}
{"address": "0x41e5560054824eA6B0732E656E3Ad64E20e94E45", "logoUri": "https://gnosis-safe-token-logos.s3.amazonaws.com/0x41e5560054824eA6B0732E656E3Ad64E20e94E45.png", "default": false, "name": "CVC", "symbol": "CVC", "description": "Giving businesses and individuals the tools to control and protect identities", "decimals": 8, "websiteUri": "https://www.civic.com", "gas": false, "priceOracles": []}
{"address": "0x51DB5Ad35C671a87207d88fC11d593AC0C8415bd", "logoUri": "https://gnosis-safe-token-logos.s3.amazonaws.com/0x51DB5Ad35C671a87207d88fC11d593AC0C8415bd.png", "default": false, "name": "MDA", "symbol": "MDA", "description": "Moeda is a cooperative banking system powered by blockchain, built for everyone.", "decimals": 18, "websiteUri": "https://moeda.in", "gas": false, "priceOracles": []}
{"address": "0xf0Ee6b27b759C9893Ce4f094b49ad28fd15A23e4", "logoUri": "https://gnosis-safe-token-logos.s3.amazonaws.com/0xf0Ee6b27b759C9893Ce4f094b49ad28fd15A23e4.png", "default": false, "name": "Enigma", "symbol": "ENG", "description": "Enigma is a privacy protocol that enables truly decentralized applications and unlocks the value of blockchains.", "decimals": 8, "websiteUri": "https://enigma.co/", "gas": false, "priceOracles": []}
{"address": "0x4156D3342D5c385a87D264F90653733592000581", "logoUri": "https://gnosis-safe-token-logos.s3.amazonaws.com/0x4156D3342D5c385a87D264F90653733592000581.png", "default": false, "name": "Salt Lending Token", "symbol": "SALT", "description": "SALT lets you leverage your blockchain assets to secure cash loans. We make it easy to get money without having to sell your favorite investment.", "decimals": 8, "websiteUri": "https://saltlending.com", "gas": false, "priceOracles": []}
{"address": "0x3597bfD533a99c9aa083587B074434E61Eb0A258", "logoUri": "https://gnosis-safe-token-logos.s3.amazonaws.com/0x3597bfD533a99c9aa083587B074434E61Eb0A258.png", "default": false, "name": "DENT", "symbol": "DENT", "description": "Aims to disrupt the mobile operator industry by creating an open marketplace for buying and selling of mobile data.", "decimals": 8, "websiteUri": "https://www.dentwireless.com", "gas": false, "priceOracles": []}
{"address": "0x12480E24eb5bec1a9D4369CaB6a80caD3c0A377A", "logoUri": "https://gnosis-safe-token-logos.s3.amazonaws.com/0x12480E24eb5bec1a9D4369CaB6a80caD3c0A377A.png", "default": false, "name": "Substratum", "symbol": "SUB", "description": "Substratum is an open-source network that allows anyone to allocate spare computing resources to make the internet a free and fair place for the entire world.", "decimals": 2, "websiteUri": "https://substratum.net", "gas": false, "priceOracles": []}
{"address": "0xEa11755Ae41D889CeEc39A63E6FF75a02Bc1C00d", "logoUri": "https://gnosis-safe-token-logos.s3.amazonaws.com/0xEa11755Ae41D889CeEc39A63E6FF75a02Bc1C00d.png", "default": false, "name": "Cortex Coin", "symbol": "CTXC", "description": "Decentralized AI autonomous system.", "decimals": 18, "websiteUri": "http://www.cortexlabs.ai/", "gas": false, "priceOracles": []}
{"address": "0x6a750D255416483BeC1A31Ca7050C6dac4263B57", "logoUri": "https://gnosis-safe-token-logos.s3.amazonaws.com/0x6a750D255416483BeC1A31Ca7050C6dac4263B57.png", "default": false, "name": "Maximine Coin", "symbol": "MXM", "description": "A Transparent Distributed Pool Revenue System", "decimals": 18, "websiteUri": "https://maximine.io/", "gas": false, "priceOracles": []}
{"address": "0x103c3A209da59d3E7C4A89307e66521e081CFDF0", "logoUri": "https://gnosis-safe-token-logos.s3.amazonaws.com/0x103c3A209da59d3E7C4A89307e66521e081CFDF0.png", "default": false, "name": "Genesis Vision", "symbol": "GVT", "description": "A platform for the private trust management market, built on Blockchain technology and Smart Contracts.", "decimals": 18, "websiteUri": "https://genesis.vision", "gas": false, "priceOracles": []}
{"address": "0x888666CA69E0f178DED6D75b5726Cee99A87D698", "logoUri": "https://gnosis-safe-token-logos.s3.amazonaws.com/0x888666CA69E0f178DED6D75b5726Cee99A87D698.png", "default": false, "name": "ICN", "symbol": "ICN", "description": "ICONOMI Digital Assets Management platform enables simple access to a variety of digital assets and combined Digital Asset Arrays", "decimals": 18, "websiteUri": "https://iconomi.net/", "gas": false, "priceOracles": []}
{"address": "0xb3104b4B9Da82025E8b9F8Fb28b3553ce2f67069", "logoUri": "https://gnosis-safe-token-logos.s3.amazonaws.com/0xb3104b4B9Da82025E8b9F8Fb28b3553ce2f67069.png", "default": false, "name": "BIX Token", "symbol": "BIX", "description": "AI Enhanced Encrypted Digital Asset Exchange.", "decimals": 18, "websiteUri": "https://www.bibox.com/", "gas": false, "priceOracles": []}
{"address": "0xe3818504c1B32bF1557b16C238B2E01Fd3149C17", "logoUri": "https://gnosis-safe-token-logos.s3.amazonaws.com/0xe3818504c1B32bF1557b16C238B2E01Fd3149C17.png", "default": false, "name": "Pillar Project", "symbol": "PLR", "description": "Building the a cryptocurrency and token wallet that aims to become the dashboard for your digital life.", "decimals": 18, "websiteUri": "https://www.pillarproject.io", "gas": false, "priceOracles": []}
{"address": "0x85e076361cc813A908Ff672F9BAd1541474402b2", "logoUri": "https://gnosis-safe-token-logos.s3.amazonaws.com/0x85e076361cc813A908Ff672F9BAd1541474402b2.png", "default": false, "name": "Telcoin", "symbol": "TEL", "description": "A cryptocurrency distributed by your mobile operator and accepted everywhere.", "decimals": 2, "websiteUri": "https://www.telco.in", "gas": false, "priceOracles": []}
{"address": "0x12B306fA98F4CbB8d4457FdFf3a0A0a56f07cCdf", "logoUri": "https://gnosis-safe-token-logos.s3.amazonaws.com/0x12B306fA98F4CbB8d4457FdFf3a0A0a56f07cCdf.png", "default": false, "name": "Spectre.ai D-Token", "symbol": "SXDT", "description": "Broker-less financial trading platform.", "decimals": 18, "websiteUri": "http://www.spectre.ai", "gas": false, "priceOracles": []}
{"address": "0xD0352a019e9AB9d757776F532377aAEbd36Fd541", "logoUri": "https://gnosis-safe-token-logos.s3.amazonaws.com/0xD0352a019e9AB9d757776F532377aAEbd36Fd541.png", "default": false, "name": "Fusion", "symbol": "FSN", "description": "FUSION is a public blockchain devoting itself to creating an inclusive cryptofinancial platform by providing cross-chain, cross-organization, and cross-datasource smart contracts.", "decimals": 18, "websiteUri": "https://fusion.org/", "gas": false, "priceOracles": []}
{"address": "0x8f8221aFbB33998d8584A2B05749bA73c37a938a", "logoUri": "https://gnosis-safe-token-logos.s3.amazonaws.com/0x8f8221aFbB33998d8584A2B05749bA73c37a938a.png", "default": false, "name": "Request Network", "symbol": "REQ", "description": "A decentralized network built on top of Ethereum, which allows anyone, anywhere to request a payment.", "decimals": 18, "websiteUri": "https://request.network", "gas": false, "priceOracles": []}
{"address": "0x846C66cf71C43f80403B51fE3906B3599D63336f", "logoUri": "https://gnosis-safe-token-logos.s3.amazonaws.com/0x846C66cf71C43f80403B51fE3906B3599D63336f.png", "default": false, "name": "PumaPay", "symbol": "PMA", "description": "PumaPay's open-source Pull Payment Protocol is a comprehensive blockchain solution which offers robust payment mechanisms far more credible, efficient, flexible, cost-effective, and scalable than current implementations (credit cards).", "decimals": 18, "websiteUri": "https://pumapay.io/", "gas": false, "priceOracles": []}
{"address": "0xd4c435F5B09F855C3317c8524Cb1F586E42795fa", "logoUri": "https://gnosis-safe-token-logos.s3.amazonaws.com/0xd4c435F5B09F855C3317c8524Cb1F586E42795fa.png", "default": false, "name": "Cindicator", "symbol": "CND", "description": "Hybrid Intelligence for effective asset management.", "decimals": 18, "websiteUri": "https://cindicator.com", "gas": false, "priceOracles": []}
{"address": "0x4C0fBE1BB46612915E7967d2C3213cd4d87257AD", "logoUri": "https://gnosis-safe-token-logos.s3.amazonaws.com/0x4C0fBE1BB46612915E7967d2C3213cd4d87257AD.png", "default": false, "name": "APIS", "symbol": "APIS", "description": "Key currency of masternode coin & the first masternode mediation.", "decimals": 18, "websiteUri": "https://apisplatform.io", "gas": false, "priceOracles": []}
{"address": "0x4a220E6096B25EADb88358cb44068A3248254675", "logoUri": "https://gnosis-safe-token-logos.s3.amazonaws.com/0x4a220E6096B25EADb88358cb44068A3248254675.png", "default": false, "name": "Quant", "symbol": "QNT", "description": "Blockchain operating system that connects the world\u2019s networks and facilitates the development of multi-chain applications.", "decimals": 18, "websiteUri": "https://www.quant.network/", "gas": false, "priceOracles": []}
{"address": "0x607F4C5BB672230e8672085532f7e901544a7375", "logoUri": "https://gnosis-safe-token-logos.s3.amazonaws.com/0x607F4C5BB672230e8672085532f7e901544a7375.png", "default": false, "name": "IEx.ec", "symbol": "RLC", "description": "Blockchain Based distributed cloud computing", "decimals": 9, "websiteUri": "http://crowdsale.iex.ec", "gas": false, "priceOracles": []}
{"address": "0xFF603F43946A3A28DF5E6A73172555D8C8b02386", "logoUri": "https://gnosis-safe-token-logos.s3.amazonaws.com/0xFF603F43946A3A28DF5E6A73172555D8C8b02386.png", "default": false, "name": "OneRoot Network", "symbol": "RNT", "description": "", "decimals": 18, "websiteUri": "https://www.oneroot.io/", "gas": false, "priceOracles": []}
{"address": "0xDF2C7238198Ad8B389666574f2d8bc411A4b7428", "logoUri": "https://gnosis-safe-token-logos.s3.amazonaws.com/0xDF2C7238198Ad8B389666574f2d8bc411A4b7428.png", "default": false, "name": "Mainframe Token", "symbol": "MFT", "description": "A decentralized network for censorship-resistant message routing.", "decimals": 18, "websiteUri": "https://mainframe.com", "gas": false, "priceOracles": []}
{"address": "0x26E75307Fc0C021472fEb8F727839531F112f317", "logoUri": "https://gnosis-safe-token-logos.s3.amazonaws.com/0x26E75307Fc0C021472fEb8F727839531F112f317.png", "default": false, "name": "Crypto20's Token", "symbol": "C20", "description": "Tokenized Crypto Index Fund.", "decimals": 18, "websiteUri": "https://crypto20.com", "gas": false, "priceOracles": []}
{"address": "0xD0a4b8946Cb52f0661273bfbC6fD0E0C75Fc6433", "logoUri": "https://gnosis-safe-token-logos.s3.amazonaws.com/0xD0a4b8946Cb52f0661273bfbC6fD0E0C75Fc6433.png", "default": false, "name": "Storm Token", "symbol": "STORM", "description": "Storm Market aims to make it easier for members to find new ways to earn, engage, and advance with their gamified micro-task platform for STORM tokens.", "decimals": 18, "websiteUri": "https://www.stormtoken.com", "gas": false, "priceOracles": []}
{"address": "0xE1Aee98495365fc179699C1bB3E761FA716beE62", "logoUri": "https://gnosis-safe-token-logos.s3.amazonaws.com/0xE1Aee98495365fc179699C1bB3E761FA716beE62.png", "default": false, "name": "BezantToken", "symbol": "BZNT", "description": "A decentralized payment platform enabling the creation of robust applications", "decimals": 18, "websiteUri": "https://bezant.io", "gas": false, "priceOracles": []}
{"address": "0xe25bCec5D3801cE3a794079BF94adF1B8cCD802D", "logoUri": "https://gnosis-safe-token-logos.s3.amazonaws.com/0xe25bCec5D3801cE3a794079BF94adF1B8cCD802D.png", "default": false, "name": "MAN", "symbol": "MAN", "description": "Aims to be an open source public intelligent blockchain platform", "decimals": 18, "websiteUri": "https://www.matrix.io", "gas": false, "priceOracles": []}
{"address": "0x46b9Ad944d1059450Da1163511069C718F699D31", "logoUri": "https://gnosis-safe-token-logos.s3.amazonaws.com/0x46b9Ad944d1059450Da1163511069C718F699D31.png", "default": false, "name": "CREDIT", "symbol": "CS", "description": "CREDITS is an open blockchain platform with autonomous smart contracts and the internal cryptocurrency. The platform is designed to create services for blockchain systems using self-executing smart contracts and a public data registry.", "decimals": 6, "websiteUri": "https://credits.com/", "gas": false, "priceOracles": []}
{"address": "0x960b236A07cf122663c4303350609A66A7B288C0", "logoUri": "https://gnosis-safe-token-logos.s3.amazonaws.com/0x960b236A07cf122663c4303350609A66A7B288C0.png", "default": false, "name": "ANT", "symbol": "ANT", "description": "Create and manage unstoppable organizations. Aragon lets you manage entire organizations using the blockchain. This makes Aragon organizations more efficient than their traditional counterparties.", "decimals": 18, "websiteUri": "https://aragon.one/network", "gas": false, "priceOracles": []}
{"address": "0x8b353021189375591723E7384262F45709A3C3dC", "logoUri": "https://gnosis-safe-token-logos.s3.amazonaws.com/0x8b353021189375591723E7384262F45709A3C3dC.png", "default": false, "name": "Tomocoin", "symbol": "TOMO", "description": "Building an efficient blockchain infrastructure for decentralized applications, token issuance and integration", "decimals": 18, "websiteUri": "https://tomochain.com/", "gas": false, "priceOracles": []}
{"address": "0xC5bBaE50781Be1669306b9e001EFF57a2957b09d", "logoUri": "https://gnosis-safe-token-logos.s3.amazonaws.com/0xC5bBaE50781Be1669306b9e001EFF57a2957b09d.png", "default": false, "name": "Gifto", "symbol": "GTO", "description": "Decentralized Universal Gifting Protocol.", "decimals": 5, "websiteUri": "https://gifto.io/", "gas": false, "priceOracles": []}
{"address": "0x0e0989b1f9B8A38983c2BA8053269Ca62Ec9B195", "logoUri": "https://gnosis-safe-token-logos.s3.amazonaws.com/0x0e0989b1f9B8A38983c2BA8053269Ca62Ec9B195.png", "default": false, "name": "Po.et Tokens", "symbol": "POE", "description": "Po.et aims to reclaim value for content creators, publishers and consumers.", "decimals": 8, "websiteUri": "https://po.et", "gas": false, "priceOracles": []}
{"address": "0x4092678e4E78230F46A1534C0fbc8fA39780892B", "logoUri": "https://gnosis-safe-token-logos.s3.amazonaws.com/0x4092678e4E78230F46A1534C0fbc8fA39780892B.png", "default": false, "name": "OCoin", "symbol": "OCN", "description": "ODYSSEY\u2019s mission is to build the next-generation decentralized sharing economy & Peer to Peer Ecosystem.", "decimals": 18, "websiteUri": "http://www.ocoins.cc/home/index.php", "gas": false, "priceOracles": []}
{"address": "0xA823E6722006afe99E91c30FF5295052fe6b8E32", "logoUri": "https://gnosis-safe-token-logos.s3.amazonaws.com/0xA823E6722006afe99E91c30FF5295052fe6b8E32.png", "default": false, "name": "NEU Fund", "symbol": "NEU", "description": "Neufund\u2019s Equity Token Offerings (ETOs) open the possibility to fundraise on Blockchain, with legal and technical framework done for you.", "decimals": 18, "websiteUri": "https://neufund.org", "gas": false, "priceOracles": []}
{"address": "0x58a4884182d9E835597f405e5F258290E46ae7C2", "logoUri": "https://gnosis-safe-token-logos.s3.amazonaws.com/0x58a4884182d9E835597f405e5F258290E46ae7C2.png", "default": false, "name": "NOAHCOIN", "symbol": "NOAH", "description": "", "decimals": 18, "websiteUri": "https://noahcoin.org/", "gas": false, "priceOracles": []}
{"address": "0x408e41876cCCDC0F92210600ef50372656052a38", "logoUri": "https://gnosis-safe-token-logos.s3.amazonaws.com/0x408e41876cCCDC0F92210600ef50372656052a38.png", "default": false, "name": "Republic Token", "symbol": "REN", "description": "A decentralized dark pool for trustless cross-chain atomic trading of Ether, ERC20 tokens and Bitcoin pairs.", "decimals": 18, "websiteUri": "https://republicprotocol.com", "gas": false, "priceOracles": []}
{"address": "0x286708f069225905194673755F12359e6afF6FE1", "logoUri": "https://gnosis-safe-token-logos.s3.amazonaws.com/0x286708f069225905194673755F12359e6afF6FE1.png", "default": false, "name": "STACS", "symbol": "STACS", "description": "The STACS Protocol is a unique public/permission hybrid global Blockchain to issue, trade, clear and settle Digital Securities.", "decimals": 18, "websiteUri": "https://stacs.io/", "gas": false, "priceOracles": []}
{"address": "0x6fB3e0A217407EFFf7Ca062D46c26E5d60a14d69", "logoUri": "https://gnosis-safe-token-logos.s3.amazonaws.com/0x6fB3e0A217407EFFf7Ca062D46c26E5d60a14d69.png", "default": false, "name": "IoTeX Network", "symbol": "IOTX", "description": "IoTeX is the next generation of the IoT-oriented blockchain platform with vast scalability, privacy, isolatability, and developability. IoTeX connects the physical world, block by block.", "decimals": 18, "websiteUri": "http://iotex.io/", "gas": false, "priceOracles": []}
{"address": "0x9e88613418cF03dCa54D6a2cf6Ad934A78C7A17A", "logoUri": "https://gnosis-safe-token-logos.s3.amazonaws.com/0x9e88613418cF03dCa54D6a2cf6Ad934A78C7A17A.png", "default": false, "name": "Swarm Fund Token", "symbol": "SWM", "description": "Aims to be the Blockchain for Private Equity.", "decimals": 18, "websiteUri": "https://swarm.fund", "gas": false, "priceOracles": []}
{"address": "0x2ccbFF3A042c68716Ed2a2Cb0c544A9f1d1935E1", "logoUri": "https://gnosis-safe-token-logos.s3.amazonaws.com/0x2ccbFF3A042c68716Ed2a2Cb0c544A9f1d1935E1.png", "default": false, "name": "DMarket Token", "symbol": "DMT", "description": "a blockchain-based cross-game universe for turning virtual items into real assets.", "decimals": 8, "websiteUri": "https://dmarket.com", "gas": false, "priceOracles": []}
{"address": "0x809826cceAb68c387726af962713b64Cb5Cb3CCA", "logoUri": "https://gnosis-safe-token-logos.s3.amazonaws.com/0x809826cceAb68c387726af962713b64Cb5Cb3CCA.png", "default": false, "name": "NucleusVision", "symbol": "nCash", "description": "Founded at Harvard University, Nucleus Vision is an IoT-based, contactless identification system that empowers retailers to identify and better serve their customers.", "decimals": 18, "websiteUri": "https://nucleus.vision/", "gas": false, "priceOracles": []}
{"address": "0x0Cf0Ee63788A0849fE5297F3407f701E122cC023", "logoUri": "https://gnosis-safe-token-logos.s3.amazonaws.com/0x0Cf0Ee63788A0849fE5297F3407f701E122cC023.png", "default": false, "name": "DATACoin", "symbol": "DATACoin", "description": "Streamr is building the world\u2019s leading Marketplace and decentralised Network for real-time data.", "decimals": 18, "websiteUri": "https://www.streamr.com", "gas": false, "priceOracles": []}
{"address": "0x2C4e8f2D746113d0696cE89B35F0d8bF88E0AEcA", "logoUri": "https://gnosis-safe-token-logos.s3.amazonaws.com/0x2C4e8f2D746113d0696cE89B35F0d8bF88E0AEcA.png", "default": false, "name": "Simple Token 'OST'", "symbol": "OST", "description": "OST KIT gives you all the tools you need to run your blockchain-powered economy on open scalable sidechains.", "decimals": 18, "websiteUri": "https://simpletoken.org", "gas": false, "priceOracles": []}
{"address": "0x4824A7b64E3966B0133f4f4FFB1b9D6bEb75FFF7", "logoUri": "https://gnosis-safe-token-logos.s3.amazonaws.com/0x4824A7b64E3966B0133f4f4FFB1b9D6bEb75FFF7.png", "default": false, "name": "TokenClub Token", "symbol": "TCT", "description": "TokenClub, a blockchain-based cryptocurrency investment service community", "decimals": 18, "websiteUri": "https://www.tokenclub.com/", "gas": false, "priceOracles": []}
{"address": "0x168296bb09e24A88805CB9c33356536B980D3fC5", "logoUri": "https://gnosis-safe-token-logos.s3.amazonaws.com/0x168296bb09e24A88805CB9c33356536B980D3fC5.png", "default": false, "name": "RHOC", "symbol": "RHOC", "description": "The RChain Platform aims to be a decentralized, economically sustainable public compute infrastructure.", "decimals": 8, "websiteUri": "https://www.rchain.coop", "gas": false, "priceOracles": []}
{"address": "0x054C64741dBafDC19784505494029823D89c3b13", "logoUri": "https://gnosis-safe-token-logos.s3.amazonaws.com/0x054C64741dBafDC19784505494029823D89c3b13.png", "default": false, "name": "ETERNAL TOKEN", "symbol": "XET", "description": "The Eternal Project is an undertaking for the rapid spread of Eternal Wallet and Eternal Coin around the world, by utilizing the skills and infrastructures of global corporations and individuals.", "decimals": 8, "websiteUri": "https://www.atom-solutions.jp/en/xetchange.php", "gas": false, "priceOracles": []}
{"address": "0x08711D3B02C8758F2FB3ab4e80228418a7F8e39c", "logoUri": "https://gnosis-safe-token-logos.s3.amazonaws.com/0x08711D3B02C8758F2FB3ab4e80228418a7F8e39c.png", "default": false, "name": "Edgeless", "symbol": "EDG", "description": "The Ethereum smart contract-based that offers a 0% house edge and solves the transparency question once and for all.", "decimals": 0, "websiteUri": "https://edgeless.io", "gas": false, "priceOracles": []}
{"address": "0xfd1e80508F243E64CE234eA88A5Fd2827c71D4b7", "logoUri": "https://gnosis-safe-token-logos.s3.amazonaws.com/0xfd1e80508F243E64CE234eA88A5Fd2827c71D4b7.png", "default": false, "name": "MEDX TOKEN", "symbol": "MEDX", "description": "Decentralized healthcare information system", "decimals": 8, "websiteUri": "https://medibloc.org/en/", "gas": false, "priceOracles": []}
{"address": "0x697beac28B09E122C4332D163985e8a73121b97F", "logoUri": "https://gnosis-safe-token-logos.s3.amazonaws.com/0x697beac28B09E122C4332D163985e8a73121b97F.png", "default": false, "name": "QRL", "symbol": "QRL", "description": "The Quantum Resistant Ledger (QRL) aims to be a future-proof post-quantum value store and decentralized communication layer which tackles the threat Quantum Computing will pose to cryptocurrencies.", "decimals": 8, "websiteUri": "https://theqrl.org", "gas": false, "priceOracles": []}
{"address": "0x70a72833d6bF7F508C8224CE59ea1Ef3d0Ea3A38", "logoUri": "https://gnosis-safe-token-logos.s3.amazonaws.com/0x70a72833d6bF7F508C8224CE59ea1Ef3d0Ea3A38.png", "default": false, "name": "UTK", "symbol": "UTK", "description": "Aims to be a safe payment platform in the world for buyers and sellers.", "decimals": 18, "websiteUri": "https://utrust.io", "gas": false, "priceOracles": []}
{"address": "0x255Aa6DF07540Cb5d3d297f0D0D4D84cb52bc8e6", "logoUri": "https://gnosis-safe-token-logos.s3.amazonaws.com/0x255Aa6DF07540Cb5d3d297f0D0D4D84cb52bc8e6.png", "default": false, "name": "Raiden Network", "symbol": "RDN", "description": "The Raiden Network is an off-chain scaling solution, enabling near-instant, low-fee and scalable payments. It\u2019s complementary to the Ethereum blockchain and works with any ERC20 compatible token.", "decimals": 18, "websiteUri": "https://raiden.network", "gas": false, "priceOracles": []}
{"address": "0x4DC3643DbC642b72C158E7F3d2ff232df61cb6CE", "logoUri": "https://gnosis-safe-token-logos.s3.amazonaws.com/0x4DC3643DbC642b72C158E7F3d2ff232df61cb6CE.png", "default": false, "name": "Amber Token", "symbol": "AMB", "description": "Combining high-tech sensors, blockchain protocol and smart contracts, we are building a universally verifiable, community-driven ecosystem to assure the quality, safety & origins of products.", "decimals": 18, "websiteUri": "https://ambrosus.com/index.html", "gas": false, "priceOracles": []}
{"address": "0x5Af2Be193a6ABCa9c8817001F45744777Db30756", "logoUri": "https://gnosis-safe-token-logos.s3.amazonaws.com/0x5Af2Be193a6ABCa9c8817001F45744777Db30756.png", "default": false, "name": "Bitquence", "symbol": "BQX", "description": "People-powered cryptocurrency services for the blockchain", "decimals": 8, "websiteUri": "https://www.bitquence.com", "gas": false, "priceOracles": []}
{"address": "0x38c6A68304cdEfb9BEc48BbFaABA5C5B47818bb2", "logoUri": "https://gnosis-safe-token-logos.s3.amazonaws.com/0x38c6A68304cdEfb9BEc48BbFaABA5C5B47818bb2.png", "default": false, "name": "HPBCoin", "symbol": "HPB", "description": "HPB (High-Performance Blockchain) is a new kind of block chain hardware and software architecture, which includes a chip acceleration engine and the blockchain platform, aiming to realize the performance extension of distributed applications", "decimals": 18, "websiteUri": "http://www.gxn.io/en.html", "gas": false, "priceOracles": []}
{"address": "0x16f812Be7FfF02cAF662B85d5d58a5da6572D4Df", "logoUri": "https://gnosis-safe-token-logos.s3.amazonaws.com/0x16f812Be7FfF02cAF662B85d5d58a5da6572D4Df.png", "default": false, "name": "United Traders Token", "symbol": "UTT", "description": "United Traders \u2013 a brand that encompasses several products in the field of trading", "decimals": 8, "websiteUri": "https://uttoken.io/", "gas": false, "priceOracles": []}
{"address": "0x6EC8a24CaBdc339A06a172F8223ea557055aDAa5", "logoUri": "https://gnosis-safe-token-logos.s3.amazonaws.com/0x6EC8a24CaBdc339A06a172F8223ea557055aDAa5.png", "default": false, "name": "Genaro X", "symbol": "GNX", "description": "The Genaro Network is the first Turing-complete public blockchain combining peer-to-peer storage with a sustainable consensus mechanism. Genaro's mixed consensus uses SPoR and PoS, ensuring stronger performance and security.", "decimals": 9, "websiteUri": "https://genaro.network/en", "gas": false, "priceOracles": []}
{"address": "0x99ea4dB9EE77ACD40B119BD1dC4E33e1C070b80d", "logoUri": "https://gnosis-safe-token-logos.s3.amazonaws.com/0x99ea4dB9EE77ACD40B119BD1dC4E33e1C070b80d.png", "default": false, "name": "Quantstamp Token", "symbol": "QSP", "description": "Quantstamp \u2013 the Protocol for Securing Smart Contracts. We believe in the future of smart contracts and are building a foundational technology to protect users and investors \u2013 with scalable proofs-of-audit.", "decimals": 18, "websiteUri": "https://quantstamp.com/", "gas": false, "priceOracles": []}
{"address": "0x622dFfCc4e83C64ba959530A5a5580687a57581b", "logoUri": "https://gnosis-safe-token-logos.s3.amazonaws.com/0x622dFfCc4e83C64ba959530A5a5580687a57581b.png", "default": false, "name": "CUBE", "symbol": "AUTO", "description": "CUBE is an autonomous car security platform backed by blockchain technology.", "decimals": 18, "websiteUri": "https://www.cubeint.io/", "gas": false, "priceOracles": []}
{"address": "0x80fB784B7eD66730e8b1DBd9820aFD29931aab03", "logoUri": "https://gnosis-safe-token-logos.s3.amazonaws.com/0x80fB784B7eD66730e8b1DBd9820aFD29931aab03.png", "default": false, "name": "EHTLend", "symbol": "LEND", "description": "Decentralized and secure financial marketplace for peer to peer lending agreements using Blockchain and Smart Contracts.", "decimals": 18, "websiteUri": "https://ethlend.io/", "gas": false, "priceOracles": []}
{"address": "0x5732046A883704404F284Ce41FfADd5b007FD668", "logoUri": "https://gnosis-safe-token-logos.s3.amazonaws.com/0x5732046A883704404F284Ce41FfADd5b007FD668.png", "default": false, "name": "Bluezelle", "symbol": "BLZ", "description": "Aims to be the next-gen database protocol for the decentralized internet.", "decimals": 18, "websiteUri": "https://bluzelle.com/", "gas": false, "priceOracles": []}
{"address": "0x5B2e4a700dfBc560061e957edec8F6EeEb74a320", "logoUri": "https://gnosis-safe-token-logos.s3.amazonaws.com/0x5B2e4a700dfBc560061e957edec8F6EeEb74a320.png", "default": false, "name": "INS", "symbol": "INS", "description": "INS is developing a platform to enable direct interaction between brands and people in the consumer sector.", "decimals": 10, "websiteUri": "https://ins.world", "gas": false, "priceOracles": []}
{"address": "0xf278c1CA969095ffddDED020290cf8B5C424AcE2", "logoUri": "https://gnosis-safe-token-logos.s3.amazonaws.com/0xf278c1CA969095ffddDED020290cf8B5C424AcE2.png", "default": false, "name": "RUFF", "symbol": "RUFF", "description": "Decentralized open source blockchain architecture for high efficiency Internet of Things application development", "decimals": 18, "websiteUri": "http://ruffchain.com/", "gas": false, "priceOracles": []}
{"address": "0x1460a58096d80a50a2F1f956DDA497611Fa4f165", "logoUri": "https://gnosis-safe-token-logos.s3.amazonaws.com/0x1460a58096d80a50a2F1f956DDA497611Fa4f165.png", "default": false, "name": "Chainium", "symbol": "CHX", "description": "Own (formerly Chainium) is a security token blockchain project focused on revolutionising equity markets.", "decimals": 18, "websiteUri": "https://weown.com/", "gas": false, "priceOracles": []}
{"address": "0x88d50B466BE55222019D71F9E8fAe17f5f45FCA1", "logoUri": "https://gnosis-safe-token-logos.s3.amazonaws.com/0x88d50B466BE55222019D71F9E8fAe17f5f45FCA1.png", "default": false, "name": "Cryptaur", "symbol": "CPT", "description": "Cryptaur is a decentralized applications store with a mission to transform and ultimately allow for the implementation of a reinvented shared economic system.", "decimals": 8, "websiteUri": "https://cryptaur.com/", "gas": false, "priceOracles": []}
{"address": "0xe12128D653B62F08fbED56BdeB65dB729B6691C3", "logoUri": "https://gnosis-safe-token-logos.s3.amazonaws.com/0xe12128D653B62F08fbED56BdeB65dB729B6691C3.png", "default": false, "name": "BreezeCoin", "symbol": "BRZC", "description": "BreezeCoin is linked to real estate assets. Coin holders benefit from monthly interest payments. It will become a medium of exchange in real estate projects done by Breeze de Mar.", "decimals": 18, "websiteUri": "http://breezecoin.io/", "gas": false, "priceOracles": []}
{"address": "0xD850942eF8811f2A866692A623011bDE52a462C1", "logoUri": "https://gnosis-safe-token-logos.s3.amazonaws.com/0xD850942eF8811f2A866692A623011bDE52a462C1.png", "default": false, "name": "VeChain", "symbol": "VEN", "description": "VeChain aims to connect blockchain technology to the real world by providing a comprehensive governance structure, a robust economic model as well as advanced IoT integration.", "decimals": 18, "websiteUri": "https://www.vechain.com", "gas": false, "priceOracles": []}
{"address": "0xA0b86991c6218b36c1d19D4a2e9Eb0cE3606eB48", "logoUri": "https://gnosis-safe-token-logos.s3.amazonaws.com/0xA0b86991c6218b36c1d19D4a2e9Eb0cE3606eB48.png", "default": false, "name": "USD//Coin", "symbol": "USDC", "description": "USDC is a fully collateralized US Dollar stablecoin developed by CENTRE, the open source project and membership consortium, with Circle being the first of several forthcoming issuers.", "decimals": 6, "websiteUri": "https://www.centre.io", "gas": false, "priceOracles": []}
{"address": "0x1602af2C782cC03F9241992E243290Fccf73Bb13", "logoUri": "https://gnosis-safe-token-logos.s3.amazonaws.com/0x1602af2C782cC03F9241992E243290Fccf73Bb13.png", "default": false, "name": "Qubitica", "symbol": "QBIT", "description": "A distributed blockchain enterprise.", "decimals": 18, "websiteUri": "https://www.qubitica.net/", "gas": false, "priceOracles": []}
{"address": "0xd26114cd6EE289AccF82350c8d8487fedB8A0C07", "logoUri": "https://gnosis-safe-token-logos.s3.amazonaws.com/0xd26114cd6EE289AccF82350c8d8487fedB8A0C07.png", "default": false, "name": "OMG", "symbol": "OMG", "description": "OmiseGO (OMG) is a public Ethereum-based financial technology for use in mainstream digital wallets", "decimals": 18, "websiteUri": "https://omisego.network", "gas": false, "priceOracles": []}
{"address": "0x8dd5fbCe2F6a956C3022bA3663759011Dd51e73E", "logoUri": "https://gnosis-safe-token-logos.s3.amazonaws.com/0x8dd5fbCe2F6a956C3022bA3663759011Dd51e73E.png", "default": false, "name": "TrueUSD", "symbol": "TUSD", "description": "The TrustToken Platform aims to be the bridge between blockchains and real-world assets.", "decimals": 18, "websiteUri": "https://www.trusttoken.com/", "gas": false, "priceOracles": []}
{"address": "0x0D8775F648430679A709E98d2b0Cb6250d2887EF", "logoUri": "https://gnosis-safe-token-logos.s3.amazonaws.com/0x0D8775F648430679A709E98d2b0Cb6250d2887EF.png", "default": false, "name": "BAT", "symbol": "BAT", "description": "The Basic Attention Token is the new token for the digital advertising industry.", "decimals": 18, "websiteUri": "https://basicattentiontoken.org", "gas": false, "priceOracles": []}
{"address": "0x05f4a42e251f2d52b8ed15E9FEdAacFcEF1FAD27", "logoUri": "https://gnosis-safe-token-logos.s3.amazonaws.com/0x05f4a42e251f2d52b8ed15E9FEdAacFcEF1FAD27.png", "default": false, "name": "Zilliqa", "symbol": "ZIL", "description": "Zilliqa is a high-throughput public blockchain platform - designed to scale to thousands \u200bof transactions per second.", "decimals": 12, "websiteUri": "https://www.zilliqa.com/", "gas": false, "priceOracles": []}
{"address": "0x8E870D67F660D95d5be530380D0eC0bd388289E1", "logoUri": "https://gnosis-safe-token-logos.s3.amazonaws.com/0x8E870D67F660D95d5be530380D0eC0bd388289E1.png", "default": false, "name": "Paxos Standard (PAX)", "symbol": "PAX", "description": "Paxos Standard is regulated crypto asset. It is fully collateralized 1:1 by the U.S. dollar, approved and regulated by the NYDFS, and enables instantaneous transactions.", "decimals": 18, "websiteUri": "https://www.paxos.com/standard", "gas": false, "priceOracles": []}
{"address": "0xb5A5F22694352C15B00323844aD545ABb2B11028", "logoUri": "https://gnosis-safe-token-logos.s3.amazonaws.com/0xb5A5F22694352C15B00323844aD545ABb2B11028.png", "default": false, "name": "ICON", "symbol": "ICX", "description": "The ICON Network is comprised of various institutions ranging from:\nfinancial institutions, insurance companies, hospitals, universities and more.", "decimals": 18, "websiteUri": "https://www.icon.foundation", "gas": false, "priceOracles": []}
{"address": "0xa5Fd1A791C4dfcaacC963D4F73c6Ae5824149eA7", "logoUri": "https://gnosis-safe-token-logos.s3.amazonaws.com/0xa5Fd1A791C4dfcaacC963D4F73c6Ae5824149eA7.png", "default": false, "name": "JNT", "symbol": "JNT", "description": "The Jibrel Network provides currencies, equities, commodities and other financial assets and instruments as standard ERC-20 tokens on the Ethereum blockchain.", "decimals": 18, "websiteUri": "https://jibrel.network", "gas": false, "priceOracles": []}
{"address": "0x4aF328C52921706dCB739F25786210499169AFe6", "logoUri": "https://gnosis-safe-token-logos.s3.amazonaws.com/0x4aF328C52921706dCB739F25786210499169AFe6.png", "default": false, "name": "Sakura Bloom", "symbol": "SKB", "description": "SKB is a token used for various services, including Bitcoin exchange,\ndirect cash exchange, making purchases, etc.", "decimals": 8, "websiteUri": "https://www.skb-coin.jp/en/", "gas": false, "priceOracles": []}
{"address": "0x5CA9a71B1d01849C0a95490Cc00559717fCF0D1d", "logoUri": "https://gnosis-safe-token-logos.s3.amazonaws.com/0x5CA9a71B1d01849C0a95490Cc00559717fCF0D1d.png", "default": false, "name": "aeternity", "symbol": "AE", "description": "Scalable smart contracts interfacing with real world data.", "decimals": 18, "websiteUri": "https://www.aeternity.com/", "gas": false, "priceOracles": []}
{"address": "0xF629cBd94d3791C9250152BD8dfBDF380E2a3B9c", "logoUri": "https://gnosis-safe-token-logos.s3.amazonaws.com/0xF629cBd94d3791C9250152BD8dfBDF380E2a3B9c.png", "default": false, "name": "ENJIN", "symbol": "ENJ", "description": "Customizable cryptocurrency and virtual goods platform for gaming.", "decimals": 18, "websiteUri": "https://enjincoin.io", "gas": false, "priceOracles": []}
{"address": "0xDD16eC0F66E54d453e6756713E533355989040E4", "logoUri": "https://gnosis-safe-token-logos.s3.amazonaws.com/0xDD16eC0F66E54d453e6756713E533355989040E4.png", "default": false, "name": "Tokenomy", "symbol": "TEN", "description": "", "decimals": 18, "websiteUri": "https://www.tokenomy.com/", "gas": false, "priceOracles": []}
{"address": "0x340D2bdE5Eb28c1eed91B2f790723E3B160613B7", "logoUri": "https://gnosis-safe-token-logos.s3.amazonaws.com/0x340D2bdE5Eb28c1eed91B2f790723E3B160613B7.png", "default": false, "name": "BLOCKv", "symbol": "VEE", "description": "Create and Public Digital virtual goods on the blockchain", "decimals": 18, "websiteUri": "https://blockv.io", "gas": false, "priceOracles": []}
{"address": "0x9a0242b7a33DAcbe40eDb927834F96eB39f8fBCB", "logoUri": "https://gnosis-safe-token-logos.s3.amazonaws.com/0x9a0242b7a33DAcbe40eDb927834F96eB39f8fBCB.png", "default": false, "name": "BAX", "symbol": "BAX", "description": "A decentralised banking platform that leverages blockchain and biometrics to offer anyone in the world access to a UK bank account for peer-to-peer financial services.", "decimals": 18, "websiteUri": "https://getbabb.com/", "gas": false, "priceOracles": []}
{"address": "0xB8c77482e45F1F44dE1745F52C74426C631bDD52", "logoUri": "https://gnosis-safe-token-logos.s3.amazonaws.com/0xB8c77482e45F1F44dE1745F52C74426C631bDD52.png", "default": false, "name": "BNB", "symbol": "BNB", "description": "Binance aims to build a world-class crypto exchange, powering the future\nof crypto finance.", "decimals": 18, "websiteUri": "https://www.binance.com", "gas": false, "priceOracles": []}
{"address": "0x4946Fcea7C692606e8908002e55A582af44AC121", "logoUri": "https://gnosis-safe-token-logos.s3.amazonaws.com/0x4946Fcea7C692606e8908002e55A582af44AC121.png", "default": false, "name": "Foam", "symbol": "FOAM", "description": "", "decimals": 18, "websiteUri": "", "gas": false, "priceOracles": []}
{"address": "0x58b6A8A3302369DAEc383334672404Ee733aB239", "logoUri": "https://gnosis-safe-token-logos.s3.amazonaws.com/0x58b6A8A3302369DAEc383334672404Ee733aB239.png", "default": false, "name": "Livepeer", "symbol": "LPT", "description": "", "decimals": 18, "websiteUri": "", "gas": false, "priceOracles": []}
{"address": "0xBEB9eF514a379B997e0798FDcC901Ee474B6D9A1", "logoUri": "https://gnosis-safe-token-logos.s3.amazonaws.com/0xBEB9eF514a379B997e0798FDcC901Ee474B6D9A1.png", "default": false, "name": "Melonport", "symbol": "MLN", "description": "", "decimals": 18, "websiteUri": "", "gas": false, "priceOracles": []}
{"address": "0x1776e1F26f98b1A5dF9cD347953a26dd3Cb46671", "logoUri": "https://gnosis-safe-token-logos.s3.amazonaws.com/0x1776e1F26f98b1A5dF9cD347953a26dd3Cb46671.png", "default": false, "name": "Numeraire", "symbol": "NMR", "description": "", "decimals": 18, "websiteUri": "", "gas": false, "priceOracles": []}
{"address": "0x0AbdAce70D3790235af448C88547603b945604ea", "logoUri": "https://gnosis-safe-token-logos.s3.amazonaws.com/0x0AbdAce70D3790235af448C88547603b945604ea.png", "default": false, "name": "District0x", "symbol": "DNT", "description": "", "decimals": 18, "websiteUri": "", "gas": false, "priceOracles": []}
{"address": "0xD0D6D6C5Fe4a677D343cC433536BB717bAe167dD", "logoUri": "https://gnosis-safe-token-logos.s3.amazonaws.com/0xD0D6D6C5Fe4a677D343cC433536BB717bAe167dD.png", "default": false, "name": "AdToken", "symbol": "ADT", "description": "", "decimals": 9, "websiteUri": "", "gas": false, "priceOracles": []}
{"address": "0x27054b13b1B798B345b591a4d22e6562d47eA75a", "logoUri": "https://gnosis-safe-token-logos.s3.amazonaws.com/0x27054b13b1B798B345b591a4d22e6562d47eA75a.png", "default": false, "name": "AirSwap", "symbol": "AST", "description": "", "decimals": 4, "websiteUri": "", "gas": false, "priceOracles": []}
{"address": "0xd2d6158683aeE4Cc838067727209a0aAF4359de3", "logoUri": "https://gnosis-safe-token-logos.s3.amazonaws.com/0xd2d6158683aeE4Cc838067727209a0aAF4359de3.png", "default": false, "name": "Bounty0x", "symbol": "BNTY", "description": "", "decimals": 18, "websiteUri": "", "gas": false, "priceOracles": []}
{"address": "0x12B19D3e2ccc14Da04FAe33e63652ce469b3F2FD", "logoUri": "https://gnosis-safe-token-logos.s3.amazonaws.com/0x12B19D3e2ccc14Da04FAe33e63652ce469b3F2FD.png", "default": false, "name": "Grid+", "symbol": "GRID", "description": "", "decimals": 12, "websiteUri": "", "gas": false, "priceOracles": []}
{"address": "0x226bb599a12C826476e3A771454697EA52E9E220", "logoUri": "https://gnosis-safe-token-logos.s3.amazonaws.com/0x226bb599a12C826476e3A771454697EA52E9E220.png", "default": false, "name": "Propy", "symbol": "PRO", "description": "", "decimals": 8, "websiteUri": "", "gas": false, "priceOracles": []}
{"address": "0x4470BB87d77b963A013DB939BE332f927f2b992e", "logoUri": "https://gnosis-safe-token-logos.s3.amazonaws.com/0x4470BB87d77b963A013DB939BE332f927f2b992e.png", "default": false, "name": "AdEx", "symbol": "ADX", "description": "", "decimals": 4, "websiteUri": "", "gas": false, "priceOracles": []}
{"address": "0x543Ff227F64Aa17eA132Bf9886cAb5DB55DCAddf", "logoUri": "https://gnosis-safe-token-logos.s3.amazonaws.com/0x543Ff227F64Aa17eA132Bf9886cAb5DB55DCAddf.png", "default": false, "name": "DAOstack", "symbol": "GEN", "description": "", "decimals": 18, "websiteUri": "", "gas": false, "priceOracles": []}
{"address": "0x42382F39e7C9F1ADD5fa5f0c6e24aa62f50be3b3", "logoUri": "https://gnosis-safe-token-logos.s3.amazonaws.com/0x42382F39e7C9F1ADD5fa5f0c6e24aa62f50be3b3.png", "default": false, "name": "ZOM", "symbol": "ZOM", "description": "", "decimals": 18, "websiteUri": "", "gas": false, "priceOracles": []}
{"address": "0xE41d2489571d322189246DaFA5ebDe1F4699F498", "logoUri": "https://gnosis-safe-token-logos.s3.amazonaws.com/0xE41d2489571d322189246DaFA5ebDe1F4699F498.png", "default": false, "name": "0x Project", "symbol": "ZRX", "description": "The Protocol for Trading Tokens", "decimals": 18, "websiteUri": "https://0xproject.com", "gas": false, "priceOracles": []}
{"address": "0x514910771AF9Ca656af840dff83E8264EcF986CA", "logoUri": "https://gnosis-safe-token-logos.s3.amazonaws.com/0x514910771AF9Ca656af840dff83E8264EcF986CA.png", "default": false, "name": "LINK Chainlink", "symbol": "LINK (Chainlink)", "description": "The LINK Network provides smart contracts with data, bank payments and access to APIs.", "decimals": 18, "websiteUri": "https://link.smartcontract.com", "gas": false, "priceOracles": []}
{"address": "0x48f775EFBE4F5EcE6e0DF2f7b5932dF56823B990", "logoUri": "https://gnosis-safe-token-logos.s3.amazonaws.com/0x48f775EFBE4F5EcE6e0DF2f7b5932dF56823B990.png", "default": false, "name": "Revian", "symbol": "R", "description": "Revain is a new-generation feedback platform, based on the blockchain technology that does not allow to change or delete reviews and its authors get rewards for creating them!", "decimals": 0, "websiteUri": "https://revain.org/", "gas": false, "priceOracles": []}
{"address": "0x80f222a749a2e18Eb7f676D371F19ad7EFEEe3b7", "logoUri": "https://gnosis-safe-token-logos.s3.amazonaws.com/0x80f222a749a2e18Eb7f676D371F19ad7EFEEe3b7.png", "default": false, "name": "Magnolia", "symbol": "MGN", "description": "", "decimals": 18, "websiteUri": "", "gas": false, "priceOracles": []}
{"address": "0x93ED3FBe21207Ec2E8f2d3c3de6e058Cb73Bc04d", "logoUri": "https://gnosis-safe-token-logos.s3.amazonaws.com/0x93ED3FBe21207Ec2E8f2d3c3de6e058Cb73Bc04d.png", "default": false, "name": "Pinakion", "symbol": "PNK", "description": "", "decimals": 18, "websiteUri": "", "gas": false, "priceOracles": []}
{"address": "0xDf329603BD378021698f9833cD5205b52F9E370e", "logoUri": "https://gnosis-safe-token-logos.s3.amazonaws.com/0xDf329603BD378021698f9833cD5205b52F9E370e.png", "default": false, "name": "Switch", "symbol": "ESH", "description": "", "decimals": 18, "websiteUri": "", "gas": false, "priceOracles": []}
{"address": "0x77678CFD0f2B55152aDC6599DB9F988AB28D72F2", "logoUri": "https://gnosis-safe-token-logos.s3.amazonaws.com/0x77678CFD0f2B55152aDC6599DB9F988AB28D72F2.png", "default": false, "name": "SwitchDex", "symbol": "SDEX", "description": "", "decimals": 18, "websiteUri": "", "gas": false, "priceOracles": []}
